TimeDate,KP,DCC (m),Easting (m),Northing (m),TOP (m),BOP (m),MADJ (m),MSBL (m),DOC (m),DOL (m),Comment
14/08/2017,0,-1.67,335896.79,6464414.5,140.17,140.44,140.95,141.24,-0.78,-1.07,
14/08/2017,0.002,-2.28,335897.61,6464413.19,140.74,141.01,140.86,141.18,-0.12,-0.44,
14/08/2017,0.002,-2.56,335897.98,6464412.59,140.85,141.13,140.98,141.1,-0.13,-0.25,
14/08/2017,0.003,-2.91,335898.45,6464411.83,140.91,141.18,141.08,141.07,-0.17,-0.16,
14/08/2017,0.006,-3.25,335899.24,6464410.56,140.83,141.1,140.96,140.84,-0.13,-0.01,
14/08/2017,0.006,-3.26,335899.44,6464410.24,140.8,141.07,140.94,140.96,-0.14,-0.16,
14/08/2017,0.007,-3.29,335899.92,6464409.46,140.78,141.05,140.95,141.11,-0.17,-0.33,
14/08/2017,0.008,-3.32,335900.43,6464408.66,140.79,141.06,140.94,141.05,-0.15,-0.26,
14/08/2017,0.009,-3.31,335900.96,6464407.73,140.86,141.13,140.98,140.96,-0.12,-0.1,
14/08/2017,0.011,-3.09,335901.32,6464406.81,140.92,141.19,140.9,140.9,0.02,0.02,
14/08/2017,0.012,-2.71,335901.61,6464405.79,140.95,141.22,140.94,140.93,0.01,0.02,
14/08/2017,0.012,-2.33,335901.72,6464405.02,140.96,141.23,140.93,140.92,0.03,0.04,
14/08/2017,0.013,-1.8,335901.88,6464403.92,140.94,141.22,141.01,140.96,-0.07,-0.02,
14/08/2017,0.013,-1.8,335901.88,6464403.92,140.94,141.22,141.01,140.96,-0.07,-0.02,
14/08/2017,0.014,-1.75,335902.01,6464401.88,140.9,141.17,141.01,140.97,-0.11,-0.07,
14/08/2017,0.015,-1.44,335901.69,6464400.43,140.82,141.09,140.93,141.02,-0.11,-0.2,
14/08/2017,0.015,-1.44,335901.69,6464400.43,140.82,141.09,140.93,141.02,-0.11,-0.2,
14/08/2017,0.015,-1.44,335901.69,6464400.43,140.82,141.09,140.93,141.02,-0.11,-0.2,
14/08/2017,0.017,-1.02,335899.43,6464398.97,140.78,141.05,140.88,140.95,-0.1,-0.17,
14/08/2017,0.018,-0.76,335898.45,6464398.72,140.76,141.03,140.82,140.91,-0.06,-0.15,
14/08/2017,0.019,-0.46,335897.18,6464398.41,140.74,141.01,140.83,140.97,-0.09,-0.23,
14/08/2017,0.025,-0.29,335891.65,6464397.09,140.74,141.01,140.88,140.94,-0.14,-0.2,
14/08/2017,0.03,-0.13,335886.76,6464395.95,140.77,141.04,140.94,141,-0.17,-0.23,
14/08/2017,0.035,0.03,335881.88,6464394.83,140.79,141.06,140.93,140.96,-0.14,-0.17,
14/08/2017,0.04,0.19,335876.93,6464393.71,140.79,141.06,140.91,141.03,-0.12,-0.24,
14/08/2017,0.045,0.25,335872.13,6464392.61,140.79,141.06,140.96,141.07,-0.17,-0.28,
14/08/2017,0.05,0.17,335867.3,6464391.42,140.82,141.1,140.95,141.18,-0.13,-0.36,
14/08/2017,0.052,0.11,335865.36,6464390.93,140.86,141.13,140.98,141.14,-0.12,-0.28,
14/08/2017,0.053,0.09,335864.41,6464390.69,140.88,141.16,140.96,141.17,-0.08,-0.29,
14/08/2017,0.054,0.08,335863.52,6464390.48,140.91,141.18,140.97,141.04,-0.06,-0.13,
14/08/2017,0.055,0.07,335862.57,6464390.25,140.94,141.21,140.89,141.03,0.05,-0.09,
14/08/2017,0.056,0.06,335861.59,6464390.01,140.97,141.24,140.96,140.99,0.01,-0.02,
14/08/2017,0.057,0.04,335860.68,6464389.8,141,141.27,140.98,140.99,0.02,0.01,
14/08/2017,0.058,0.05,335859.61,6464389.56,141.03,141.3,141.01,141.09,0.02,-0.06,
14/08/2017,0.059,0.08,335858.67,6464389.38,141.05,141.33,141.1,141.05,-0.05,0,
14/08/2017,0.06,0.1,335857.7,6464389.19,141.08,141.35,141.12,141.05,-0.04,0.03,
14/08/2017,0.061,0.11,335856.7,6464388.98,141.1,141.37,141.18,141.08,-0.08,0.02,
14/08/2017,0.062,0.12,335855.74,6464388.78,141.12,141.4,141.19,141.09,-0.07,0.03,
14/08/2017,0.065,0.18,335852.79,6464388.2,141.19,141.46,141.23,141.2,-0.04,-0.01,
14/08/2017,0.07,0.27,335847.92,6464387.3,141.28,141.55,141.31,141.24,-0.03,0.04,
14/08/2017,0.075,0.28,335843,6464386.41,141.37,141.64,141.38,141.27,-0.01,0.1,
14/08/2017,0.08,0.16,335838.1,6464385.52,141.42,141.69,141.44,141.39,-0.02,0.03,
14/08/2017,0.085,-0.11,335833.12,6464384.64,141.46,141.73,141.51,141.48,-0.05,-0.02,
14/08/2017,0.086,-0.17,335832.18,6464384.48,141.46,141.74,141.54,141.45,-0.08,0.01,
14/08/2017,0.087,-0.22,335831.19,6464384.32,141.47,141.74,141.55,141.43,-0.08,0.04,
14/08/2017,0.088,-0.29,335830.14,6464384.14,141.48,141.75,141.56,141.43,-0.08,0.05,
14/08/2017,0.089,-0.34,335829.23,6464383.99,141.49,141.76,141.55,141.45,-0.06,0.04,
14/08/2017,0.09,-0.41,335828.22,6464383.82,141.49,141.77,141.54,141.49,-0.05,0,
14/08/2017,0.091,-0.49,335827.2,6464383.63,141.5,141.77,141.57,141.44,-0.07,0.06,
14/08/2017,0.091,-0.57,335826.3,6464383.46,141.51,141.78,141.56,141.46,-0.05,0.05,
14/08/2017,0.093,-0.66,335825.27,6464383.26,141.53,141.8,141.58,141.45,-0.05,0.08,
14/08/2017,0.094,-0.73,335824.28,6464383.09,141.55,141.82,141.59,141.49,-0.04,0.06,
14/08/2017,0.094,-0.78,335823.33,6464382.94,141.57,141.85,141.64,141.48,-0.07,0.09,
14/08/2017,0.096,-0.81,335822.31,6464382.8,141.6,141.87,141.61,141.47,-0.01,0.13,
14/08/2017,0.097,-0.84,335821.32,6464382.67,141.62,141.9,141.68,141.39,-0.06,0.23,
14/08/2017,0.098,-0.87,335820.28,6464382.54,141.65,141.92,141.63,141.48,0.02,0.17,
14/08/2017,0.1,-0.93,335818.3,6464382.29,141.7,141.97,141.68,141.3,0.02,0.4,
14/08/2017,0.105,-1.15,335813.3,6464381.61,141.8,142.07,141.66,141.24,0.14,0.56,
14/08/2017,0.107,-1.18,335811.39,6464381.31,141.82,142.1,141.7,141.35,0.12,0.47,
14/08/2017,0.108,-1.21,335810.41,6464381.15,141.84,142.11,141.77,141.31,0.07,0.53,
14/08/2017,0.109,-1.25,335809.37,6464380.96,141.84,142.12,141.87,141.28,-0.03,0.56,
14/08/2017,0.11,-1.29,335808.48,6464380.8,141.85,142.13,141.89,141.43,-0.04,0.42,
14/08/2017,0.111,-1.29,335807.48,6464380.62,141.86,142.14,141.93,141.43,-0.07,0.43,
14/08/2017,0.112,-1.28,335806.48,6464380.44,141.87,142.15,141.96,141.4,-0.09,0.47,
14/08/2017,0.113,-1.26,335805.51,6464380.27,141.88,142.16,142.13,141.42,-0.25,0.46,
14/08/2017,0.114,-1.23,335804.53,6464380.11,141.89,142.17,142.23,141.48,-0.34,0.41,
14/08/2017,0.115,-1.2,335803.57,6464379.96,141.91,142.18,142.36,141.62,-0.45,0.29,
14/08/2017,0.116,-1.09,335802.56,6464379.81,141.92,142.19,142.42,141.69,-0.5,0.23,
14/08/2017,0.117,-0.96,335801.74,6464379.69,141.93,142.2,142.57,141.77,-0.64,0.16,
14/08/2017,0.118,-0.8,335800.68,6464379.53,141.94,142.21,142.54,141.54,-0.6,0.4,
14/08/2017,0.119,-0.67,335799.74,6464379.38,141.94,142.21,142.62,141.73,-0.68,0.21,
14/08/2017,0.12,-0.54,335798.74,6464379.22,141.94,142.21,142.55,141.56,-0.61,0.38,
14/08/2017,0.121,-0.42,335797.78,6464379.06,141.93,142.21,142.51,141.58,-0.58,0.35,
14/08/2017,0.121,-0.29,335796.81,6464378.89,141.92,142.2,142.38,141.37,-0.46,0.55,
14/08/2017,0.123,-0.2,335795.74,6464378.7,141.91,142.18,142.27,141.45,-0.36,0.46,
14/08/2017,0.123,-0.14,335794.82,6464378.54,141.89,142.17,142.18,141.53,-0.29,0.36,
14/08/2017,0.124,-0.08,335793.88,6464378.37,141.88,142.15,142.05,141.26,-0.17,0.62,
14/08/2017,0.125,-0.01,335792.91,6464378.21,141.86,142.13,141.89,141.41,-0.03,0.45,
14/08/2017,0.126,0.06,335791.87,6464378.03,141.84,142.11,141.88,141.43,-0.04,0.41,
14/08/2017,0.127,0.11,335790.89,6464377.86,141.82,142.09,141.83,141.38,-0.01,0.44,
14/08/2017,0.128,0.16,335789.92,6464377.7,141.79,142.07,141.84,141.3,-0.05,0.49,
14/08/2017,0.129,0.2,335788.99,6464377.54,141.76,142.04,141.82,141.31,-0.06,0.45,
14/08/2017,0.13,0.25,335787.96,6464377.37,141.73,142,141.87,141.12,-0.14,0.61,
14/08/2017,0.131,0.29,335787.04,6464377.21,141.69,141.96,141.89,141.15,-0.2,0.54,
14/08/2017,0.132,0.35,335786.12,6464377.06,141.65,141.93,141.92,141.22,-0.27,0.43,
14/08/2017,0.133,0.4,335785.19,6464376.9,141.61,141.89,141.91,141.37,-0.3,0.24,
14/08/2017,0.134,0.46,335784.16,6464376.73,141.56,141.84,141.86,141.25,-0.3,0.31,
14/08/2017,0.135,0.51,335783.25,6464376.57,141.52,141.79,141.79,141.3,-0.27,0.22,
14/08/2017,0.136,0.57,335782.27,6464376.4,141.47,141.74,141.75,141.32,-0.28,0.15,
14/08/2017,0.137,0.6,335781.28,6464376.23,141.42,141.69,141.69,141.3,-0.27,0.12,
14/08/2017,0.138,0.63,335780.31,6464376.06,141.37,141.64,141.64,141.25,-0.27,0.12,
14/08/2017,0.139,0.65,335779.31,6464375.89,141.32,141.6,141.63,141.24,-0.31,0.08,
14/08/2017,0.14,0.68,335778.35,6464375.72,141.29,141.56,141.51,141.22,-0.22,0.07,
14/08/2017,0.141,0.71,335777.37,6464375.55,141.25,141.52,141.19,141.14,0.06,0.11,
14/08/2017,0.142,0.74,335776.38,6464375.38,141.22,141.49,141.14,141.08,0.08,0.14,
14/08/2017,0.143,0.76,335775.35,6464375.2,141.18,141.46,141.1,141.07,0.08,0.11,
14/08/2017,0.144,0.78,335774.44,6464375.04,141.16,141.43,141.09,141.04,0.07,0.12,
14/08/2017,0.145,0.79,335773.49,6464374.87,141.13,141.4,141.07,141.02,0.06,0.11,
14/08/2017,0.15,0.76,335768.71,6464373.96,141.02,141.29,141.02,140.97,0,0.05,
14/08/2017,0.151,0.73,335767.72,6464373.76,141,141.27,141.06,141.01,-0.06,-0.01,
14/08/2017,0.152,0.69,335766.74,6464373.57,140.99,141.26,141.27,141,-0.28,-0.01,
14/08/2017,0.153,0.65,335765.77,6464373.38,140.98,141.25,141.28,141,-0.3,-0.02,
14/08/2017,0.154,0.61,335764.78,6464373.18,140.97,141.24,141.27,140.99,-0.3,-0.02,
14/08/2017,0.155,0.58,335763.78,6464372.98,140.97,141.24,141.23,140.98,-0.26,-0.01,
14/08/2017,0.156,0.54,335762.84,6464372.8,140.97,141.24,141.28,140.95,-0.31,0.02,
14/08/2017,0.157,0.51,335761.86,6464372.6,140.97,141.24,141.25,141.03,-0.28,-0.06,
14/08/2017,0.158,0.47,335760.9,6464372.41,140.97,141.25,141.23,140.99,-0.26,-0.02,
14/08/2017,0.159,0.43,335759.95,6464372.22,140.97,141.25,141.25,140.99,-0.28,-0.02,
14/08/2017,0.16,0.4,335758.97,6464372.03,140.97,141.25,141.24,140.97,-0.27,0,
14/08/2017,0.161,0.38,335758,6464371.84,140.97,141.25,141.28,140.99,-0.31,-0.02,
14/08/2017,0.162,0.35,335757,6464371.64,140.98,141.25,141.31,141.04,-0.33,-0.06,
14/08/2017,0.163,0.33,335756.04,6464371.45,140.98,141.25,141.25,141.01,-0.27,-0.03,
14/08/2017,0.164,0.31,335755.07,6464371.26,140.98,141.25,141.26,140.99,-0.28,-0.01,
14/08/2017,0.165,0.28,335754.08,6464371.06,140.99,141.26,141.25,140.99,-0.26,0,
14/08/2017,0.166,0.22,335753.02,6464370.85,141.01,141.28,141.28,141.03,-0.27,-0.02,
14/08/2017,0.167,0.17,335752.05,6464370.66,141.04,141.31,141.3,141.03,-0.26,0.01,
14/08/2017,0.168,0.12,335751.09,6464370.47,141.07,141.34,141.29,141.01,-0.22,0.06,
14/08/2017,0.169,0.08,335750.3,6464370.31,141.1,141.37,141.08,141.02,0.02,0.08,
14/08/2017,0.17,0.04,335749.37,6464370.13,141.13,141.4,141.12,141.03,0.01,0.1,
14/08/2017,0.171,-0.02,335748.25,6464369.91,141.17,141.44,141.15,141.07,0.02,0.1,
14/08/2017,0.172,-0.09,335747.45,6464369.75,141.19,141.46,141.15,141.09,0.04,0.1,
14/08/2017,0.173,-0.16,335746.46,6464369.55,141.22,141.5,141.2,141.11,0.02,0.11,
14/08/2017,0.174,-0.24,335745.45,6464369.36,141.26,141.53,141.22,141.1,0.04,0.16,
14/08/2017,0.175,-0.33,335744.42,6464369.15,141.3,141.57,141.25,141.19,0.05,0.11,
14/08/2017,0.176,-0.4,335743.53,6464368.98,141.34,141.62,141.29,141.21,0.05,0.13,
14/08/2017,0.177,-0.48,335742.5,6464368.77,141.39,141.66,141.46,141.23,-0.07,0.16,
14/08/2017,0.178,-0.52,335741.6,6464368.62,141.43,141.7,141.63,141.31,-0.2,0.12,
14/08/2017,0.179,-0.58,335740.55,6464368.43,141.48,141.75,141.72,141.33,-0.24,0.15,
14/08/2017,0.18,-0.65,335739.66,6464368.25,141.51,141.79,141.78,141.42,-0.27,0.09,
14/08/2017,0.181,-0.72,335738.71,6464368.05,141.55,141.83,141.79,141.5,-0.24,0.05,
14/08/2017,0.182,-0.81,335737.68,6464367.84,141.61,141.88,141.87,141.58,-0.26,0.03,
14/08/2017,0.183,-0.9,335736.73,6464367.63,141.66,141.93,141.91,141.73,-0.25,-0.07,
14/08/2017,0.184,-0.97,335735.78,6464367.43,141.71,141.98,142.14,141.87,-0.43,-0.16,
14/08/2017,0.185,-1.06,335734.74,6464367.21,141.76,142.04,142.31,142.03,-0.55,-0.27,
14/08/2017,0.185,-1.12,335733.91,6464367.04,141.8,142.07,142.48,142.23,-0.68,-0.43,
14/08/2017,0.187,-1.19,335732.85,6464366.82,141.84,142.12,142.63,142.4,-0.79,-0.56,
14/08/2017,0.188,-1.25,335731.88,6464366.64,141.87,142.15,142.78,142.48,-0.91,-0.61,
14/08/2017,0.188,-1.3,335730.97,6464366.47,141.9,142.17,142.89,142.55,-0.99,-0.65,
14/08/2017,0.189,-1.34,335730,6464366.29,141.92,142.19,142.93,142.6,-1.01,-0.68,
14/08/2017,0.191,-1.37,335728.94,6464366.1,141.93,142.21,143,142.62,-1.07,-0.69,
14/08/2017,0.191,-1.4,335728.12,6464365.95,141.94,142.21,142.93,142.61,-0.99,-0.67,
14/08/2017,0.192,-1.44,335727.14,6464365.76,141.95,142.22,142.87,142.57,-0.92,-0.62,
14/08/2017,0.193,-1.49,335726.04,6464365.55,141.95,142.23,142.85,142.49,-0.9,-0.54,
14/08/2017,0.194,-1.53,335725.22,6464365.38,141.95,142.23,142.72,142.43,-0.77,-0.48,
14/08/2017,0.195,-1.59,335724.19,6464365.17,141.95,142.23,142.69,142.34,-0.74,-0.39,
14/08/2017,0.196,-1.64,335723.25,6464364.97,141.95,142.22,142.5,142.27,-0.55,-0.32,
14/08/2017,0.197,-1.69,335722.35,6464364.78,141.94,142.21,142.48,142.18,-0.54,-0.24,
14/08/2017,0.198,-1.74,335721.44,6464364.59,141.92,142.2,142.45,142.14,-0.53,-0.22,
14/08/2017,0.199,-1.79,335720.41,6464364.38,141.9,142.17,142.32,142.01,-0.42,-0.11,
14/08/2017,0.2,-1.82,335719.44,6464364.19,141.88,142.15,142.19,141.98,-0.31,-0.1,
14/08/2017,0.201,-1.86,335718.41,6464363.99,141.86,142.13,142.11,141.9,-0.25,-0.04,
14/08/2017,0.202,-1.88,335717.44,6464363.81,141.84,142.11,142.09,141.86,-0.25,-0.02,
14/08/2017,0.203,-1.9,335716.53,6464363.65,141.82,142.09,142.01,141.85,-0.19,-0.03,
14/08/2017,0.204,-1.92,335715.56,6464363.48,141.8,142.07,141.94,141.78,-0.14,0.02,
14/08/2017,0.205,-1.93,335714.56,6464363.31,141.77,142.05,141.91,141.74,-0.14,0.03,
14/08/2017,0.206,-1.93,335713.57,6464363.14,141.75,142.02,141.84,141.74,-0.09,0.01,
14/08/2017,0.207,-1.93,335712.59,6464362.97,141.72,141.99,141.76,141.68,-0.04,0.04,
14/08/2017,0.208,-1.93,335711.58,6464362.8,141.69,141.96,141.75,141.65,-0.06,0.04,
14/08/2017,0.209,-1.93,335710.6,6464362.64,141.66,141.94,141.72,141.65,-0.06,0.01,
14/08/2017,0.21,-1.94,335709.65,6464362.47,141.64,141.91,141.7,141.58,-0.06,0.06,
14/08/2017,0.211,-1.94,335708.64,6464362.28,141.61,141.89,141.71,141.56,-0.1,0.05,
14/08/2017,0.212,-1.96,335707.71,6464362.09,141.59,141.86,141.68,141.59,-0.09,0,
14/08/2017,0.213,-1.99,335706.67,6464361.87,141.57,141.84,141.62,141.54,-0.05,0.03,
14/08/2017,0.214,-2.02,335705.76,6464361.68,141.54,141.82,141.61,141.52,-0.07,0.02,
14/08/2017,0.215,-2.04,335704.72,6464361.46,141.53,141.8,141.59,141.49,-0.06,0.04,
14/08/2017,0.22,-2.07,335699.83,6464360.45,141.44,141.72,141.56,141.51,-0.12,-0.07,
14/08/2017,0.221,-2.06,335698.9,6464360.26,141.43,141.7,141.68,141.48,-0.25,-0.05,
14/08/2017,0.222,-2.05,335697.83,6464360.05,141.41,141.68,141.72,141.45,-0.31,-0.04,
14/08/2017,0.223,-2.05,335696.84,6464359.85,141.39,141.67,141.72,141.44,-0.33,-0.05,
14/08/2017,0.224,-2.05,335695.91,6464359.65,141.38,141.65,141.7,141.44,-0.32,-0.06,
14/08/2017,0.225,-2.07,335694.93,6464359.43,141.37,141.64,141.69,141.42,-0.32,-0.05,
14/08/2017,0.226,-2.09,335693.93,6464359.2,141.36,141.63,141.7,141.44,-0.34,-0.08,
14/08/2017,0.227,-2.04,335692.87,6464358.98,141.34,141.62,141.62,141.4,-0.28,-0.06,
14/08/2017,0.228,-1.99,335691.99,6464358.8,141.33,141.61,141.45,141.41,-0.12,-0.08,
14/08/2017,0.229,-1.92,335690.99,6464358.62,141.32,141.59,141.45,141.43,-0.13,-0.11,
14/08/2017,0.23,-1.83,335690,6464358.46,141.3,141.58,141.39,141.25,-0.09,0.05,
14/08/2017,0.231,-1.75,335689.01,6464358.29,141.29,141.56,141.42,141.23,-0.13,0.06,
14/08/2017,0.233,-1.64,335687.97,6464358.09,141.27,141.54,141.58,141.36,-0.31,-0.09,
14/08/2017,0.233,-1.53,335687.06,6464357.91,141.26,141.53,141.59,141.29,-0.33,-0.03,
14/08/2017,0.235,-1.43,335686.07,6464357.69,141.24,141.51,141.59,141.29,-0.35,-0.05,
14/08/2017,0.235,-1.32,335685.09,6464357.48,141.23,141.5,141.54,141.26,-0.31,-0.03,
14/08/2017,0.236,-1.22,335684.16,6464357.28,141.21,141.49,141.53,141.29,-0.32,-0.08,
14/08/2017,0.237,-1.1,335683.13,6464357.07,141.2,141.47,141.51,141.22,-0.31,-0.02,
14/08/2017,0.239,-0.97,335682.1,6464356.87,141.18,141.45,141.25,141.15,-0.07,0.03,
14/08/2017,0.239,-0.84,335681.15,6464356.69,141.16,141.43,141.22,141.07,-0.06,0.09,
14/08/2017,0.241,-0.68,335680.08,6464356.49,141.14,141.42,141.17,141.08,-0.03,0.06,
14/08/2017,0.242,-0.54,335679.14,6464356.32,141.13,141.4,141.18,140.96,-0.05,0.17,
14/08/2017,0.242,-0.4,335678.18,6464356.15,141.12,141.39,141.11,141.21,0.01,-0.09,
14/08/2017,0.243,-0.25,335677.21,6464355.97,141.11,141.38,141.07,141.14,0.04,-0.03,
14/08/2017,0.244,-0.11,335676.2,6464355.79,141.1,141.38,141.04,141.14,0.06,-0.04,
14/08/2017,0.245,0.02,335675.21,6464355.61,141.1,141.37,140.97,141.01,0.13,0.09,
14/08/2017,0.246,0.14,335674.22,6464355.43,141.09,141.37,140.93,140.82,0.16,0.27,
14/08/2017,0.247,0.27,335673.23,6464355.25,141.1,141.37,140.9,140.86,0.2,0.24,
14/08/2017,0.248,0.38,335672.26,6464355.06,141.12,141.4,140.92,140.82,0.2,0.3,
14/08/2017,0.249,0.45,335671.28,6464354.87,141.17,141.44,140.99,140.84,0.18,0.33,
14/08/2017,0.25,0.51,335670.37,6464354.69,141.23,141.5,141.24,140.89,-0.01,0.34,
14/08/2017,0.251,0.57,335669.4,6464354.49,141.31,141.58,141.45,140.86,-0.14,0.45,
14/08/2017,0.252,0.63,335668.35,6464354.27,141.38,141.65,141.63,140.94,-0.25,0.44,
14/08/2017,0.253,0.68,335667.44,6464354.07,141.43,141.7,141.68,141.04,-0.25,0.39,
14/08/2017,0.254,0.72,335666.49,6464353.86,141.47,141.74,141.73,141.16,-0.26,0.31,
14/08/2017,0.255,0.77,335665.43,6464353.62,141.5,141.77,141.76,141.1,-0.26,0.4,
14/08/2017,0.256,0.82,335664.46,6464353.4,141.53,141.8,141.82,141.12,-0.29,0.41,
14/08/2017,0.257,0.86,335663.56,6464353.19,141.56,141.83,141.8,141.17,-0.24,0.39,
14/08/2017,0.258,0.91,335662.53,6464352.96,141.6,141.88,141.76,141.22,-0.16,0.38,
14/08/2017,0.259,0.96,335661.64,6464352.76,141.65,141.92,141.74,141.15,-0.09,0.5,
14/08/2017,0.26,1,335660.67,6464352.55,141.69,141.96,141.74,141,-0.05,0.69,
14/08/2017,0.261,1.05,335659.71,6464352.34,141.73,142,141.76,141.16,-0.03,0.57,
14/08/2017,0.262,1.1,335658.69,6464352.12,141.76,142.03,141.82,141.13,-0.06,0.63,
14/08/2017,0.263,1.16,335657.77,6464351.94,141.78,142.05,141.87,141.12,-0.09,0.66,
14/08/2017,0.264,1.23,335656.76,6464351.74,141.8,142.07,141.91,141.06,-0.11,0.74,
14/08/2017,0.265,1.28,335655.76,6464351.55,141.82,142.09,141.93,141.06,-0.11,0.76,
14/08/2017,0.266,1.33,335654.89,6464351.4,141.83,142.11,141.91,141.02,-0.08,0.81,
14/08/2017,0.267,1.39,335653.84,6464351.22,141.85,142.12,141.84,141.05,0.01,0.8,
14/08/2017,0.268,1.44,335652.93,6464351.07,141.86,142.14,141.75,141.04,0.11,0.82,
14/08/2017,0.269,1.49,335651.94,6464350.89,141.87,142.15,141.66,141.04,0.21,0.83,
14/08/2017,0.27,1.54,335650.89,6464350.7,141.89,142.16,141.63,141.01,0.26,0.88,
14/08/2017,0.275,1.56,335646.02,6464349.77,141.91,142.19,141.78,140.96,0.13,0.95,
14/08/2017,0.276,1.57,335645.16,6464349.61,141.92,142.19,141.8,140.97,0.12,0.95,
14/08/2017,0.277,1.62,335644.1,6464349.41,141.92,142.19,141.83,141,0.09,0.92,
14/08/2017,0.278,1.66,335643.12,6464349.22,141.92,142.19,141.85,140.93,0.07,0.99,
14/08/2017,0.279,1.72,335642.09,6464349.04,141.91,142.19,141.92,140.94,-0.01,0.97,
14/08/2017,0.28,1.78,335641.11,6464348.88,141.91,142.18,141.93,140.97,-0.02,0.94,
14/08/2017,0.281,1.84,335640.2,6464348.72,141.9,142.18,141.91,140.94,-0.01,0.96,
14/08/2017,0.282,1.89,335639.22,6464348.55,141.9,142.17,141.81,140.98,0.09,0.92,
14/08/2017,0.283,1.94,335638.22,6464348.37,141.89,142.16,141.71,140.92,0.18,0.97,
14/08/2017,0.284,1.98,335637.22,6464348.19,141.88,142.16,141.67,140.93,0.21,0.95,
14/08/2017,0.285,2.02,335636.24,6464348,141.88,142.15,141.6,140.91,0.28,0.97,
14/08/2017,0.29,2.05,335631.42,6464346.99,141.84,142.11,141.53,140.89,0.31,0.95,
14/08/2017,0.292,2.02,335629.45,6464346.55,141.82,142.09,141.61,140.88,0.21,0.94,
14/08/2017,0.293,1.97,335628.54,6464346.34,141.81,142.08,141.72,140.94,0.09,0.87,
14/08/2017,0.294,1.92,335627.6,6464346.11,141.8,142.07,141.82,140.91,-0.02,0.89,
14/08/2017,0.295,1.87,335626.69,6464345.89,141.79,142.07,141.86,140.88,-0.07,0.91,
14/08/2017,0.296,1.81,335625.73,6464345.66,141.79,142.06,141.85,140.83,-0.06,0.96,
14/08/2017,0.297,1.77,335624.73,6464345.43,141.79,142.06,141.84,140.9,-0.05,0.89,
14/08/2017,0.298,1.73,335623.74,6464345.22,141.78,142.06,141.83,140.87,-0.05,0.91,
14/08/2017,0.299,1.7,335622.85,6464345.03,141.78,142.06,141.75,140.85,0.03,0.93,
14/08/2017,0.3,1.67,335621.88,6464344.84,141.78,142.05,141.64,140.99,0.14,0.79,
14/08/2017,0.305,1.56,335617.1,6464343.85,141.78,142.06,141.56,141.18,0.22,0.6,
14/08/2017,0.31,1.41,335612.18,6464342.8,141.81,142.08,141.57,140.91,0.24,0.9,
14/08/2017,0.315,1.08,335607.28,6464341.73,141.86,142.14,141.51,141.18,0.35,0.68,
14/08/2017,0.316,0.98,335606.31,6464341.51,141.88,142.15,141.53,141.11,0.35,0.77,
14/08/2017,0.317,0.87,335605.32,6464341.27,141.89,142.17,141.54,141.03,0.35,0.86,
14/08/2017,0.318,0.76,335604.38,6464341.04,141.91,142.18,141.77,140.98,0.14,0.93,
14/08/2017,0.319,0.64,335603.44,6464340.81,141.92,142.19,141.88,141.05,0.04,0.87,
14/08/2017,0.32,0.51,335602.5,6464340.59,141.93,142.21,142.12,141.04,-0.19,0.89,
14/08/2017,0.321,0.39,335601.52,6464340.36,141.95,142.22,142.2,141.04,-0.25,0.91,
14/08/2017,0.322,0.28,335600.54,6464340.16,141.96,142.23,142.19,141.02,-0.23,0.94,
14/08/2017,0.323,0.18,335599.55,6464339.97,141.97,142.24,142.21,141,-0.24,0.97,
14/08/2017,0.324,0.09,335598.59,6464339.78,141.98,142.25,142.26,141.03,-0.28,0.95,
14/08/2017,0.325,-0.01,335597.52,6464339.57,141.99,142.26,142.25,141.04,-0.26,0.95,
14/08/2017,0.326,-0.1,335596.63,6464339.39,141.99,142.26,142.24,140.97,-0.25,1.02,
14/08/2017,0.327,-0.18,335595.68,6464339.21,141.99,142.27,142.2,140.92,-0.21,1.07,
14/08/2017,0.328,-0.27,335594.7,6464339.02,141.99,142.27,142.08,140.87,-0.09,1.12,
14/08/2017,0.329,-0.34,335593.72,6464338.85,141.99,142.27,142.05,140.88,-0.06,1.11,
14/08/2017,0.33,-0.41,335592.67,6464338.67,141.99,142.26,142.08,140.88,-0.09,1.11,
14/08/2017,0.331,-0.46,335591.73,6464338.52,141.98,142.25,142,140.83,-0.02,1.15,
14/08/2017,0.332,-0.5,335590.76,6464338.34,141.97,142.24,141.94,140.89,0.03,1.08,
14/08/2017,0.333,-0.55,335589.81,6464338.16,141.96,142.23,141.83,140.81,0.13,1.15,
14/08/2017,0.334,-0.61,335588.86,6464337.96,141.94,142.22,141.8,140.73,0.14,1.21,
14/08/2017,0.335,-0.69,335587.81,6464337.74,141.93,142.2,141.75,140.72,0.18,1.21,
14/08/2017,0.34,-0.85,335583.05,6464336.61,141.83,142.11,141.66,140.78,0.17,1.05,
14/08/2017,0.345,-0.77,335578.14,6464335.51,141.75,142.03,141.55,140.74,0.2,1.01,
14/08/2017,0.35,-0.53,335573.12,6464334.46,141.71,141.98,141.4,140.8,0.31,0.91,
14/08/2017,0.355,-0.3,335568.24,6464333.46,141.71,141.98,141.49,140.84,0.22,0.87,
14/08/2017,0.36,-0.06,335563.43,6464332.48,141.74,142.02,141.61,140.86,0.13,0.88,
14/08/2017,0.361,0.01,335562.38,6464332.26,141.75,142.03,141.7,140.82,0.05,0.93,
14/08/2017,0.362,0.06,335561.53,6464332.08,141.76,142.04,141.71,140.77,0.05,0.99,
14/08/2017,0.363,0.12,335560.45,6464331.85,141.78,142.05,141.81,140.82,-0.03,0.96,
14/08/2017,0.364,0.15,335559.58,6464331.68,141.79,142.06,141.82,140.81,-0.03,0.98,
14/08/2017,0.365,0.16,335558.52,6464331.46,141.8,142.07,141.76,140.79,0.04,1.01,
14/08/2017,0.366,0.17,335557.66,6464331.28,141.81,142.08,141.76,140.78,0.05,1.03,
14/08/2017,0.367,0.18,335556.7,6464331.07,141.82,142.09,141.71,140.78,0.11,1.04,
14/08/2017,0.368,0.18,335555.68,6464330.85,141.82,142.09,141.69,140.79,0.13,1.03,
14/08/2017,0.37,0.18,335553.73,6464330.42,141.82,142.1,141.63,140.79,0.19,1.03,
14/08/2017,0.375,0.09,335548.93,6464329.33,141.8,142.07,141.52,140.74,0.28,1.06,
14/08/2017,0.38,-0.1,335544.05,6464328.22,141.78,142.05,141.52,140.78,0.26,1,
14/08/2017,0.385,-0.25,335539.07,6464327.09,141.75,142.03,141.56,140.89,0.19,0.86,
14/08/2017,0.39,-0.34,335534.17,6464325.99,141.73,142.01,141.54,140.88,0.19,0.85,
14/08/2017,0.395,-0.41,335529.37,6464324.89,141.74,142.01,141.66,140.86,0.08,0.88,
14/08/2017,0.4,-0.44,335524.47,6464323.76,141.76,142.04,141.56,140.9,0.2,0.86,
14/08/2017,0.405,-0.42,335519.69,6464322.67,141.77,142.04,141.59,140.94,0.18,0.83,
14/08/2017,0.41,-0.32,335514.77,6464321.57,141.77,142.04,141.51,140.85,0.26,0.92,
14/08/2017,0.415,-0.17,335509.98,6464320.48,141.78,142.05,141.49,140.82,0.29,0.96,
14/08/2017,0.42,-0.05,335505.1,6464319.37,141.82,142.09,141.5,140.89,0.32,0.93,
14/08/2017,0.425,-0.17,335500.25,6464318.22,141.89,142.17,141.7,140.86,0.19,1.03,
14/08/2017,0.428,-0.33,335497.32,6464317.51,141.93,142.2,141.84,140.78,0.09,1.15,
14/08/2017,0.429,-0.39,335496.24,6464317.26,141.93,142.2,141.94,140.8,-0.01,1.13,
14/08/2017,0.43,-0.44,335495.3,6464317.04,141.93,142.2,141.89,140.83,0.04,1.1,
14/08/2017,0.431,-0.49,335494.31,6464316.82,141.94,142.21,141.89,140.84,0.05,1.1,
14/08/2017,0.435,-0.64,335490.43,6464315.97,141.99,142.26,141.77,140.78,0.22,1.21,
14/08/2017,0.44,-0.68,335485.67,6464314.95,141.99,142.26,141.74,140.74,0.25,1.25,
14/08/2017,0.444,-0.61,335480.8,6464313.93,141.96,142.23,141.6,140.61,0.36,1.35,
14/08/2017,0.45,-0.42,335475.91,6464312.92,141.94,142.21,141.62,140.67,0.32,1.27,
14/08/2017,0.455,-0.21,335470.92,6464311.92,141.89,142.16,141.66,140.65,0.23,1.24,
14/08/2017,0.461,-0.05,335465.09,6464310.76,141.8,142.07,141.48,140.65,0.32,1.15,
14/08/2017,0.465,-0.01,335460.23,6464309.81,141.73,142,141.53,140.61,0.2,1.12,
14/08/2017,0.471,0,335455.3,6464308.82,141.66,141.93,141.46,140.67,0.2,0.99,
14/08/2017,0.475,0.14,335450.47,6464307.84,141.61,141.88,141.41,140.62,0.2,0.99,
14/08/2017,0.48,0.28,335445.53,6464306.84,141.6,141.87,141.36,140.56,0.24,1.04,
14/08/2017,0.484,0.24,335441.67,6464306.07,141.55,141.83,141.37,140.58,0.18,0.97,
14/08/2017,0.49,0.33,335435.79,6464304.88,141.54,141.81,141.35,140.56,0.19,0.98,
14/08/2017,0.495,0.87,335430.94,6464303.87,141.53,141.8,141.35,140.59,0.18,0.94,
14/08/2017,0.499,0.83,335426.97,6464303.03,141.53,141.8,141.31,140.61,0.22,0.92,
14/08/2017,0.505,-0.15,335422.06,6464302,141.56,141.83,141.1,140.64,0.46,0.92,
14/08/2017,0.51,-0.43,335417.19,6464301,141.66,141.93,141.34,140.56,0.32,1.1,
14/08/2017,0.515,0.17,335412.23,6464300.01,141.77,142.04,141.65,140.54,0.12,1.23,
14/08/2017,0.52,0.73,335407.31,6464299.03,141.88,142.16,141.73,140.66,0.15,1.22,
14/08/2017,0.525,1.12,335402.52,6464298.07,141.94,142.22,141.67,140.84,0.27,1.1,
14/08/2017,0.53,1.38,335397.62,6464297.09,141.99,142.26,141.68,140.59,0.31,1.4,
14/08/2017,0.535,1.39,335392.74,6464296.11,142,142.27,141.58,140.7,0.42,1.3,
14/08/2017,0.54,1.15,335387.85,6464295.11,141.99,142.26,141.54,140.66,0.45,1.33,
14/08/2017,0.545,0.94,335382.97,6464294.13,141.93,142.2,141.59,140.65,0.34,1.28,
14/08/2017,0.55,0.75,335378.03,6464293.13,141.9,142.17,141.49,140.64,0.41,1.26,
14/08/2017,0.555,0.59,335373.16,6464292.13,141.87,142.15,141.59,140.63,0.28,1.24,
14/08/2017,0.56,0.47,335368.22,6464291.12,141.84,142.11,141.68,140.68,0.16,1.16,
14/08/2017,0.565,0.36,335363.35,6464290.15,141.8,142.08,141.42,140.56,0.38,1.24,
14/08/2017,0.57,0.31,335358.44,6464289.2,141.78,142.05,141.38,140.62,0.4,1.16,
14/08/2017,0.575,0.45,335353.61,6464288.25,141.81,142.08,141.37,140.62,0.44,1.19,
14/08/2017,0.58,0.87,335348.64,6464287.27,141.85,142.12,141.41,140.64,0.44,1.21,
14/08/2017,0.585,0.82,335343.61,6464286.26,141.88,142.16,141.49,140.72,0.39,1.16,
14/08/2017,0.59,0.7,335338.71,6464285.26,141.89,142.17,141.34,140.6,0.55,1.29,
14/08/2017,0.595,0.56,335333.77,6464284.23,141.87,142.14,141.38,140.56,0.49,1.31,
14/08/2017,0.6,0.42,335328.9,6464283.21,141.82,142.1,141.44,140.76,0.38,1.06,
14/08/2017,0.605,0.3,335324,6464282.2,141.78,142.06,141.6,140.75,0.18,1.03,
14/08/2017,0.61,0.2,335319.13,6464281.23,141.74,142.01,141.5,140.75,0.24,0.99,
14/08/2017,0.615,0.12,335314.27,6464280.25,141.68,141.95,141.46,140.62,0.22,1.06,
14/08/2017,0.62,0.07,335309.34,6464279.26,141.6,141.87,141.23,140.56,0.37,1.04,
14/08/2017,0.625,0,335304.5,6464278.28,141.59,141.86,141.24,140.54,0.35,1.05,
14/08/2017,0.63,-0.08,335299.61,6464277.26,141.59,141.87,141.23,140.54,0.36,1.05,
14/08/2017,0.635,-0.17,335294.74,6464276.24,141.65,141.92,141.24,140.56,0.41,1.09,
14/08/2017,0.64,-0.27,335289.87,6464275.22,141.71,141.98,141.46,140.53,0.25,1.18,
14/08/2017,0.645,-0.37,335285.05,6464274.19,141.81,142.08,141.65,140.57,0.16,1.24,
14/08/2017,0.65,-0.46,335280.17,6464273.18,141.86,142.13,141.62,140.57,0.24,1.29,
14/08/2017,0.655,-0.53,335275.34,6464272.18,141.88,142.15,141.5,140.53,0.38,1.35,
14/08/2017,0.66,-0.58,335270.37,6464271.17,141.9,142.17,141.48,140.56,0.42,1.34,
14/08/2017,0.665,-0.5,335265.5,6464270.2,141.88,142.16,141.62,140.55,0.26,1.33,
14/08/2017,0.67,-0.38,335259.74,6464269.07,141.82,142.09,141.53,140.55,0.29,1.27,
14/08/2017,0.676,-0.28,335254.75,6464268.1,141.77,142.05,141.55,140.53,0.22,1.24,
14/08/2017,0.68,-0.14,335249.96,6464267.17,141.74,142.01,141.26,140.48,0.48,1.26,
14/08/2017,0.685,0.03,335245.05,6464266.19,141.74,142.02,141.21,140.44,0.53,1.3,
14/08/2017,0.69,0.17,335240.26,6464265.21,141.74,142.01,141.59,140.48,0.15,1.26,
14/08/2017,0.695,0.3,335235.42,6464264.21,141.74,142.01,141.54,140.46,0.2,1.28,
14/08/2017,0.7,0.37,335230.52,6464263.19,141.74,142.01,141.39,140.4,0.35,1.34,
14/08/2017,0.705,0.31,335225.62,6464262.2,141.71,141.98,141.39,140.46,0.32,1.25,
14/08/2017,0.71,0.28,335220.76,6464261.25,141.68,141.96,141.39,140.44,0.29,1.24,
14/08/2017,0.715,0.29,335215.82,6464260.32,141.67,141.94,141.33,140.37,0.34,1.3,
14/08/2017,0.72,0.35,335211,6464259.46,141.67,141.95,141.36,140.35,0.31,1.32,
14/08/2017,0.725,0.42,335206.17,6464258.62,141.68,141.95,141.39,140.46,0.29,1.22,
14/08/2017,0.73,0.49,335201.2,6464257.77,141.71,141.98,141.33,140.33,0.38,1.38,
14/08/2017,0.735,0.54,335196.34,6464256.91,141.7,141.98,141.32,140.37,0.38,1.33,
14/08/2017,0.74,0.54,335191.52,6464256.01,141.69,141.96,141.42,140.41,0.27,1.28,
14/08/2017,0.745,0.52,335186.59,6464255.07,141.7,141.97,141.43,140.42,0.27,1.28,
14/08/2017,0.75,0.44,335181.72,6464254.13,141.7,141.98,141.4,140.43,0.3,1.27,
14/08/2017,0.755,0.34,335176.74,6464253.15,141.73,142,141.3,140.31,0.43,1.42,
14/08/2017,0.76,0.25,335171.86,6464252.2,141.73,142,141.31,140.31,0.42,1.42,
14/08/2017,0.765,0.15,335167.03,6464251.25,141.73,142,141.41,140.38,0.32,1.35,
14/08/2017,0.77,0.05,335162.13,6464250.28,141.73,142.01,141.36,140.48,0.37,1.25,
14/08/2017,0.775,-0.04,335157.22,6464249.29,141.74,142.01,141.42,140.49,0.32,1.25,
14/08/2017,0.78,-0.12,335152.43,6464248.33,141.71,141.99,141.38,140.42,0.33,1.29,
14/08/2017,0.785,-0.2,335147.46,6464247.33,141.66,141.93,141.24,140.32,0.42,1.34,
14/08/2017,0.79,-0.24,335142.5,6464246.38,141.58,141.85,141.13,140.29,0.45,1.29,
14/08/2017,0.795,-0.2,335137.59,6464245.53,141.5,141.77,141.06,140.26,0.44,1.24,
14/08/2017,0.8,-0.15,335132.65,6464244.73,141.45,141.73,141.06,140.3,0.39,1.15,
14/08/2017,0.805,-0.13,335127.73,6464243.89,141.42,141.7,141.14,140.45,0.28,0.97,
14/08/2017,0.81,-0.14,335122.92,6464243.04,141.43,141.7,141.22,140.42,0.21,1.01,
14/08/2017,0.815,-0.15,335117.97,6464242.17,141.45,141.72,141.17,140.4,0.28,1.05,
14/08/2017,0.82,-0.16,335113.04,6464241.29,141.46,141.74,141.08,140.4,0.38,1.06,
14/08/2017,0.825,-0.2,335108.1,6464240.4,141.42,141.7,141.08,140.33,0.34,1.09,
14/08/2017,0.83,-0.21,335103.12,6464239.47,141.4,141.67,141.07,140.36,0.33,1.04,
14/08/2017,0.835,-0.21,335098.26,6464238.57,141.44,141.71,141.1,140.36,0.34,1.08,
14/08/2017,0.84,-0.19,335093.28,6464237.66,141.51,141.78,141.21,140.43,0.3,1.08,
14/08/2017,0.845,-0.16,335088.44,6464236.8,141.6,141.87,141.38,140.42,0.22,1.18,
14/08/2017,0.85,-0.14,335083.69,6464235.95,141.65,141.93,141.42,140.51,0.23,1.14,
14/08/2017,0.855,-0.13,335078.65,6464235.04,141.69,141.97,141.36,140.44,0.33,1.25,
14/08/2017,0.86,-0.14,335073.76,6464234.14,141.73,142,141.38,140.5,0.35,1.23,
14/08/2017,0.865,-0.15,335068.88,6464233.25,141.72,141.99,141.34,140.5,0.38,1.22,
14/08/2017,0.87,-0.15,335064.01,6464232.34,141.7,141.97,141.27,140.56,0.43,1.14,
14/08/2017,0.875,0,335059.13,6464231.44,141.68,141.95,141.35,140.51,0.33,1.17,
14/08/2017,0.88,0.13,335054.25,6464230.52,141.58,141.85,141.39,140.45,0.19,1.13,
14/08/2017,0.886,0.24,335048.36,6464229.35,141.42,141.69,141.24,140.45,0.18,0.97,
14/08/2017,0.89,0.2,335044.46,6464228.56,141.33,141.6,140.97,140.42,0.36,0.91,
14/08/2017,0.896,-0.19,335038.59,6464227.34,141.17,141.44,141.01,140.41,0.16,0.76,
14/08/2017,0.9,-0.5,335033.79,6464226.34,141.09,141.37,140.99,140.4,0.1,0.69,
14/08/2017,0.905,-0.76,335028.97,6464225.4,141.15,141.42,140.91,140.36,0.24,0.79,
14/08/2017,0.91,-0.92,335024.03,6464224.53,141.23,141.5,140.89,140.44,0.34,0.79,
14/08/2017,0.915,-1.06,335019.2,6464223.61,141.28,141.55,141.02,140.44,0.26,0.84,
14/08/2017,0.92,-1.15,335014.34,6464222.63,141.42,141.7,141.13,140.46,0.29,0.96,
14/08/2017,0.925,-1.26,335009.44,6464221.63,141.54,141.81,141.37,140.48,0.17,1.06,
14/08/2017,0.93,-1.33,335004.5,6464220.63,141.65,141.93,141.45,140.49,0.2,1.16,
14/08/2017,0.935,-1.37,334999.66,6464219.69,141.72,142,141.44,140.49,0.28,1.23,
14/08/2017,0.94,-1.36,334994.66,6464218.75,141.77,142.04,141.37,140.44,0.4,1.33,
14/08/2017,0.945,-1.34,334989.84,6464217.86,141.79,142.07,141.31,140.46,0.48,1.33,
14/08/2017,0.95,-1.32,334984.84,6464216.94,141.82,142.09,141.26,140.35,0.56,1.47,
14/08/2017,0.955,-1.32,334980,6464216.02,141.82,142.09,141.32,140.4,0.5,1.42,
14/08/2017,0.96,-1.35,334975,6464215.05,141.78,142.05,141.44,140.42,0.34,1.36,
14/08/2017,0.965,-1.39,334970.14,6464214.09,141.66,141.94,141.37,140.38,0.29,1.28,
14/08/2017,0.97,-1.38,334965.29,6464213.09,141.52,141.79,141.26,140.3,0.26,1.22,
14/08/2017,0.975,-1.16,334960.56,6464212.08,141.42,141.7,140.89,140.24,0.53,1.18,
14/08/2017,0.98,-0.97,334955.59,6464210.98,141.33,141.6,140.72,140.32,0.61,1.01,
14/08/2017,0.985,-0.82,334950.82,6464209.9,141.27,141.54,140.81,140.43,0.46,0.84,
14/08/2017,0.987,-0.78,334948.92,6464209.44,141.24,141.51,141.21,140.41,0.03,0.83,
14/08/2017,0.988,-0.76,334947.95,6464209.21,141.24,141.51,141.43,140.36,-0.19,0.88,
14/08/2017,0.989,-0.73,334946.98,6464208.98,141.24,141.51,141.52,140.34,-0.28,0.9,
14/08/2017,0.99,-0.71,334945.99,6464208.75,141.24,141.52,141.56,140.41,-0.32,0.83,
14/08/2017,0.991,-0.67,334945,6464208.53,141.25,141.52,141.53,140.43,-0.28,0.82,
14/08/2017,0.992,-0.63,334943.98,6464208.31,141.25,141.52,141.65,140.52,-0.4,0.73,
14/08/2017,0.993,-0.58,334943.03,6464208.11,141.24,141.52,141.61,140.45,-0.37,0.79,
14/08/2017,0.994,-0.52,334942.08,6464207.92,141.24,141.51,141.57,140.4,-0.33,0.84,
14/08/2017,0.995,-0.47,334941.1,6464207.72,141.23,141.51,141.53,140.35,-0.3,0.88,
14/08/2017,0.996,-0.47,334940.1,6464207.53,141.23,141.51,141.49,140.31,-0.26,0.92,
14/08/2017,0.997,-0.48,334939.15,6464207.35,141.23,141.51,141.42,140.26,-0.19,0.97,
14/08/2017,0.998,-0.48,334938.18,6464207.17,141.24,141.51,141.44,140.31,-0.2,0.93,
14/08/2017,0.999,-0.47,334937.25,6464207,141.24,141.51,141.36,140.19,-0.12,1.05,
14/08/2017,1,-0.46,334936.29,6464206.83,141.23,141.51,141.44,140.2,-0.21,1.03,
14/08/2017,1.001,-0.46,334935.25,6464206.65,141.23,141.5,141.12,140.19,0.11,1.04,
14/08/2017,1.002,-0.46,334934.23,6464206.46,141.22,141.49,141.11,140.18,0.11,1.04,
14/08/2017,1.003,-0.46,334933.27,6464206.28,141.22,141.49,141.13,140.18,0.09,1.04,
14/08/2017,1.004,-0.47,334932.37,6464206.1,141.21,141.48,141.02,140.2,0.19,1.01,
14/08/2017,1.005,-0.49,334931.31,6464205.89,141.21,141.48,141,140.13,0.21,1.08,
14/08/2017,1.01,-0.61,334926.52,6464204.88,141.19,141.47,140.84,140.19,0.35,1,
14/08/2017,1.015,-0.77,334921.57,6464203.81,141.22,141.49,140.78,140.24,0.44,0.98,
14/08/2017,1.02,-0.95,334916.88,6464202.77,141.25,141.53,141.21,140.26,0.04,0.99,
14/08/2017,1.021,-0.99,334915.9,6464202.55,141.26,141.53,141.25,140.32,0.01,0.94,
14/08/2017,1.022,-1.02,334914.91,6464202.34,141.26,141.53,141.31,140.34,-0.05,0.92,
14/08/2017,1.023,-1.05,334913.94,6464202.13,141.26,141.54,141.48,140.32,-0.22,0.94,
14/08/2017,1.024,-1.06,334912.93,6464201.94,141.27,141.54,141.46,140.29,-0.19,0.98,
14/08/2017,1.025,-1.07,334911.98,6464201.76,141.27,141.54,141.46,140.3,-0.19,0.97,
14/08/2017,1.026,-1.06,334911.01,6464201.58,141.27,141.54,141.28,140.42,-0.01,0.85,
14/08/2017,1.027,-1.06,334910.01,6464201.4,141.26,141.54,141.13,140.3,0.13,0.96,
14/08/2017,1.03,-1.05,334907.07,6464200.88,141.26,141.53,140.99,140.31,0.27,0.95,
14/08/2017,1.035,-0.81,334902.12,6464199.96,141.27,141.54,141.01,140.22,0.26,1.05,
14/08/2017,1.04,-0.57,334897.16,6464199,141.22,141.49,141.13,140.26,0.09,0.96,
14/08/2017,1.045,-0.32,334892.27,6464198.08,141.18,141.46,140.7,140.24,0.48,0.94,
14/08/2017,1.05,0.01,334887.39,6464197.23,141.15,141.43,140.65,140.25,0.5,0.9,
14/08/2017,1.055,0.33,334882.63,6464196.41,141.12,141.39,140.86,140.26,0.26,0.86,
14/08/2017,1.06,0.65,334876.88,6464195.36,141.12,141.39,140.76,140.29,0.36,0.83,
14/08/2017,1.065,0.89,334871.95,6464194.42,141.12,141.39,140.81,140.31,0.31,0.81,
14/08/2017,1.07,1.08,334867.19,6464193.47,141.16,141.43,140.8,140.32,0.36,0.84,
14/08/2017,1.075,1.22,334862.28,6464192.47,141.22,141.5,140.85,140.43,0.37,0.79,
14/08/2017,1.08,1.02,334857.55,6464191.47,141.32,141.59,141.01,140.35,0.31,0.97,
14/08/2017,1.085,0.81,334852.63,6464190.43,141.46,141.73,141.37,140.29,0.09,1.17,
14/08/2017,1.09,0.57,334847.77,6464189.37,141.59,141.87,141.31,140.28,0.28,1.31,
14/08/2017,1.095,0.37,334843.03,6464188.34,141.66,141.93,141.19,140.25,0.47,1.41,
14/08/2017,1.1,0.23,334838.25,6464187.31,141.66,141.93,141.22,140.23,0.44,1.43,
14/08/2017,1.105,0.09,334833.37,6464186.27,141.62,141.89,141.19,140.16,0.43,1.46,
14/08/2017,1.11,-0.05,334828.55,6464185.23,141.54,141.81,141.2,140.17,0.34,1.37,
14/08/2017,1.115,-0.14,334823.65,6464184.18,141.38,141.65,141.17,140.2,0.21,1.18,
14/08/2017,1.12,-0.21,334818.82,6464183.17,141.21,141.48,140.95,140.08,0.26,1.13,
14/08/2017,1.125,-0.21,334813.86,6464182.2,141.07,141.34,140.74,140.07,0.33,1,
14/08/2017,1.13,-0.16,334808.84,6464181.27,140.94,141.21,140.57,140.06,0.37,0.88,
14/08/2017,1.135,-0.1,334803.99,6464180.41,140.89,141.17,140.51,140.05,0.38,0.84,
14/08/2017,1.14,-0.04,334799.02,6464179.52,140.88,141.16,140.52,140.08,0.36,0.8,
14/08/2017,1.143,-0.05,334796.2,6464178.97,140.89,141.16,140.62,140.16,0.27,0.73,
14/08/2017,1.144,-0.09,334795.16,6464178.74,140.9,141.17,140.75,140.12,0.15,0.78,
14/08/2017,1.145,-0.12,334794.25,6464178.53,140.91,141.18,140.83,140.12,0.08,0.79,
14/08/2017,1.146,-0.16,334793.29,6464178.31,140.91,141.18,140.92,140.15,-0.01,0.76,
14/08/2017,1.147,-0.18,334792.32,6464178.1,140.92,141.19,140.95,140.15,-0.03,0.77,
14/08/2017,1.148,-0.2,334791.36,6464177.89,140.92,141.19,140.98,140.15,-0.06,0.77,
14/08/2017,1.149,-0.22,334790.39,6464177.7,140.92,141.19,140.97,140.11,-0.05,0.81,
14/08/2017,1.15,-0.22,334789.42,6464177.51,140.92,141.19,141,140.13,-0.08,0.79,
14/08/2017,1.151,-0.21,334788.38,6464177.33,140.92,141.19,140.93,140.08,-0.01,0.84,
14/08/2017,1.152,-0.19,334787.38,6464177.15,140.93,141.2,140.86,140.07,0.07,0.86,
14/08/2017,1.153,-0.17,334786.45,6464177,140.93,141.21,140.8,140.07,0.13,0.86,
14/08/2017,1.155,-0.12,334784.52,6464176.66,140.96,141.23,140.69,140.01,0.27,0.95,
14/08/2017,1.16,-0.09,334779.52,6464175.72,140.97,141.25,140.85,140,0.12,0.97,
14/08/2017,1.165,-0.09,334774.68,6464174.77,141.01,141.28,140.66,139.98,0.35,1.03,
14/08/2017,1.17,-0.08,334769.83,6464173.8,141.08,141.35,140.56,139.97,0.52,1.11,
14/08/2017,1.175,-0.06,334765.01,6464172.82,141.17,141.45,140.89,139.9,0.28,1.27,
14/08/2017,1.18,-0.06,334760.09,6464171.81,141.24,141.51,141.07,139.94,0.17,1.3,
14/08/2017,1.185,-0.11,334754.35,6464170.59,141.28,141.55,141.09,139.94,0.19,1.34,
14/08/2017,1.19,-0.2,334749.58,6464169.56,141.25,141.52,141.1,140.01,0.15,1.24,
14/08/2017,1.195,-0.28,334744.62,6464168.5,141.14,141.42,140.6,139.84,0.54,1.3,
14/08/2017,1.199,-0.32,334740.66,6464167.67,141.06,141.33,140.51,139.9,0.55,1.16,
14/08/2017,1.205,-0.35,334735.64,6464166.65,140.98,141.26,140.48,139.9,0.5,1.08,
14/08/2017,1.21,-0.36,334729.87,6464165.5,140.95,141.22,140.77,139.96,0.18,0.99,
14/08/2017,1.215,-0.37,334725.18,6464164.56,140.99,141.26,140.93,139.95,0.06,1.04,
14/08/2017,1.22,-0.37,334720.28,6464163.58,140.98,141.25,140.54,139.83,0.44,1.15,
14/08/2017,1.225,-0.37,334715.33,6464162.59,141.02,141.29,140.49,139.83,0.53,1.19,
14/08/2017,1.23,-0.38,334710.65,6464161.64,141.07,141.35,140.84,139.93,0.23,1.14,
14/08/2017,1.235,-0.4,334705.76,6464160.63,141.13,141.4,140.89,139.87,0.24,1.26,
14/08/2017,1.24,-0.46,334700.83,6464159.59,141.19,141.46,140.73,139.83,0.46,1.36,
14/08/2017,1.245,-0.47,334695.98,6464158.56,141.19,141.46,140.72,139.84,0.47,1.35,
14/08/2017,1.25,-0.46,334691.17,6464157.54,141.19,141.46,140.75,139.82,0.44,1.37,
14/08/2017,1.255,-0.44,334686.32,6464156.51,141.18,141.45,140.83,139.8,0.35,1.38,
14/08/2017,1.26,-0.42,334681.53,6464155.49,141.17,141.45,140.73,139.78,0.44,1.39,
14/08/2017,1.265,-0.4,334676.58,6464154.44,141.15,141.42,140.7,139.88,0.45,1.27,
14/08/2017,1.27,-0.36,334671.76,6464153.42,141.16,141.44,140.63,139.8,0.53,1.36,
14/08/2017,1.275,-0.31,334666.79,6464152.39,141.12,141.4,140.53,139.76,0.59,1.36,
14/08/2017,1.28,-0.26,334661.92,6464151.37,141.1,141.37,140.48,139.75,0.62,1.35,
14/08/2017,1.285,-0.23,334657.07,6464150.35,141.07,141.34,140.58,139.71,0.49,1.36,
14/08/2017,1.29,-0.16,334652.19,6464149.36,141.05,141.33,140.68,139.7,0.37,1.35,
14/08/2017,1.295,-0.06,334647.34,6464148.41,141.06,141.34,140.73,139.76,0.33,1.3,
14/08/2017,1.3,-0.08,334642.39,6464147.48,141.11,141.38,140.8,139.71,0.31,1.4,
14/08/2017,1.305,-0.09,334637.5,6464146.6,141.13,141.41,140.75,139.72,0.38,1.41,
14/08/2017,1.31,-0.07,334632.72,6464145.76,141.18,141.45,140.75,139.7,0.43,1.48,
14/08/2017,1.315,-0.04,334627.61,6464144.89,141.25,141.52,140.87,139.8,0.38,1.45,
14/08/2017,1.32,-0.01,334622.82,6464144.07,141.3,141.57,141,139.83,0.3,1.47,
14/08/2017,1.325,0.03,334617.8,6464143.22,141.31,141.58,141.05,139.91,0.26,1.4,
14/08/2017,1.33,0.05,334612.89,6464142.38,141.27,141.54,141.08,139.95,0.19,1.32,
14/08/2017,1.335,0.07,334608.1,6464141.57,141.23,141.5,140.86,139.89,0.37,1.34,
14/08/2017,1.34,0.12,334603.17,6464140.73,141.19,141.46,140.86,139.95,0.33,1.24,
14/08/2017,1.343,0.15,334600.2,6464140.2,141.21,141.49,140.6,139.99,0.61,1.22,
14/08/2017,1.344,0.13,334599.29,6464140.01,141.23,141.5,140.61,139.96,0.62,1.27,
14/08/2017,1.345,0.11,334598.3,6464139.8,141.24,141.52,140.59,140.01,0.65,1.23,
14/08/2017,1.346,0.08,334597.32,6464139.59,141.26,141.54,140.71,140.03,0.55,1.23,
14/08/2017,1.347,0.06,334596.32,6464139.37,141.28,141.55,140.92,140.12,0.36,1.16,
14/08/2017,1.348,0.04,334595.26,6464139.16,141.3,141.57,141.25,140.13,0.05,1.17,
14/08/2017,1.349,0.04,334594.4,6464139,141.31,141.59,141.35,140.19,-0.04,1.12,
14/08/2017,1.35,0.05,334593.41,6464138.81,141.33,141.6,141.47,140.19,-0.14,1.14,
14/08/2017,1.351,0.05,334592.43,6464138.63,141.35,141.62,141.65,140.22,-0.3,1.13,
14/08/2017,1.352,0.06,334591.47,6464138.46,141.36,141.64,141.51,140.18,-0.15,1.18,
14/08/2017,1.353,0.09,334590.48,6464138.31,141.38,141.65,141.54,140.21,-0.16,1.17,
14/08/2017,1.354,0.1,334589.41,6464138.16,141.4,141.67,141.61,140.18,-0.21,1.22,
14/08/2017,1.354,0.12,334588.54,6464138.05,141.42,141.69,141.68,140.09,-0.26,1.33,
14/08/2017,1.355,0.16,334587.57,6464137.95,141.43,141.71,141.51,140.17,-0.08,1.26,
14/08/2017,1.356,0.2,334586.58,6464137.84,141.45,141.72,141.39,140.09,0.06,1.36,
14/08/2017,1.36,0.31,334583.5,6464137.5,141.47,141.74,141.31,140.28,0.16,1.19,
14/08/2017,1.365,0.5,334577.74,6464136.83,141.42,141.7,141.25,140.16,0.17,1.26,
14/08/2017,1.37,0.49,334572.75,6464136.13,141.34,141.62,141.03,140.18,0.31,1.16,
14/08/2017,1.375,0.39,334567.83,6464135.35,141.24,141.51,140.91,140.19,0.33,1.05,
14/08/2017,1.38,0.23,334562.98,6464134.51,141.15,141.42,140.9,140.14,0.25,1.01,
14/08/2017,1.385,0.24,334558.07,6464133.65,141.06,141.33,140.81,140.13,0.25,0.93,
14/08/2017,1.39,0.25,334553.16,6464132.77,141.01,141.28,140.74,140.13,0.27,0.88,
14/08/2017,1.395,0.53,334548.32,6464131.89,140.94,141.22,140.66,140.07,0.28,0.87,
14/08/2017,1.4,0.79,334543.31,6464130.94,140.92,141.2,140.73,140.09,0.19,0.83,
14/08/2017,1.405,0.77,334538.34,6464129.96,140.95,141.22,140.68,140.22,0.27,0.73,
14/08/2017,1.41,0.72,334533.61,6464129.02,140.99,141.27,140.93,140.16,0.06,0.83,
14/08/2017,1.415,0.49,334528.65,6464128.06,141.05,141.33,140.7,140.1,0.35,0.95,
14/08/2017,1.42,0.32,334523.74,6464127.13,141.13,141.4,140.59,140.1,0.54,1.03,
14/08/2017,1.425,0.41,334518.88,6464126.22,141.23,141.5,141.18,140.23,0.05,1,
14/08/2017,1.426,0.52,334517.87,6464126.03,141.25,141.53,141.26,140.21,-0.01,1.04,
14/08/2017,1.427,0.61,334517,6464125.86,141.27,141.55,141.29,140.14,-0.02,1.13,
14/08/2017,1.428,0.71,334516.04,6464125.67,141.3,141.57,141.31,140.14,-0.01,1.16,
14/08/2017,1.429,0.81,334515.03,6464125.46,141.32,141.59,141.34,140.15,-0.02,1.17,
14/08/2017,1.43,0.89,334514.22,6464125.3,141.34,141.61,141.22,140.16,0.12,1.18,
14/08/2017,1.435,0.94,334509.13,6464124.34,141.42,141.69,141.13,140.04,0.29,1.38,
14/08/2017,1.44,0.96,334504.21,6464123.41,141.45,141.72,141.08,140.06,0.37,1.39,
14/08/2017,1.445,0.89,334499.38,6464122.45,141.44,141.71,141.04,140.06,0.4,1.38,
14/08/2017,1.45,0.78,334494.62,6464121.46,141.43,141.71,140.86,139.88,0.57,1.55,
14/08/2017,1.455,0.67,334489.59,6464120.44,141.42,141.69,140.65,139.83,0.77,1.59,
14/08/2017,1.46,0.5,334484.84,6464119.49,141.4,141.68,140.63,139.86,0.77,1.54,
14/08/2017,1.465,0.33,334480.01,6464118.56,141.4,141.67,140.63,139.89,0.77,1.51,
14/08/2017,1.47,0.27,334475.2,6464117.66,141.43,141.71,140.87,139.85,0.56,1.58,
14/08/2017,1.475,0.35,334470.43,6464116.78,141.47,141.74,140.9,139.94,0.57,1.53,
14/08/2017,1.48,0.45,334465.39,6464115.87,141.45,141.73,140.85,139.87,0.6,1.58,
14/08/2017,1.485,0.55,334460.39,6464114.96,141.44,141.71,140.86,139.85,0.58,1.59,
14/08/2017,1.49,0.58,334455.55,6464114.09,141.44,141.71,140.73,139.94,0.71,1.5,
14/08/2017,1.495,0.62,334450.6,6464113.21,141.43,141.7,140.94,139.98,0.49,1.45,
14/08/2017,1.5,0.66,334445.57,6464112.33,141.42,141.7,140.97,139.97,0.45,1.45,
14/08/2017,1.505,0.72,334440.78,6464111.51,141.44,141.72,140.84,139.89,0.6,1.55,
14/08/2017,1.51,0.79,334435.71,6464110.66,141.44,141.72,140.61,139.94,0.83,1.5,
14/08/2017,1.515,0.86,334430.79,6464109.85,141.47,141.75,140.69,139.94,0.78,1.53,
14/08/2017,1.52,0.95,334425.96,6464109.06,141.46,141.73,140.68,139.95,0.78,1.51,
14/08/2017,1.525,0.97,334420.98,6464108.24,141.42,141.7,140.64,139.89,0.78,1.53,
14/08/2017,1.53,0.91,334416.07,6464107.42,141.41,141.68,140.65,139.91,0.76,1.5,
14/08/2017,1.535,0.83,334411.02,6464106.56,141.44,141.72,140.8,139.95,0.64,1.49,
14/08/2017,1.54,0.77,334406.17,6464105.73,141.44,141.71,140.96,139.98,0.48,1.46,
14/08/2017,1.545,0.68,334401.24,6464104.84,141.43,141.7,140.89,139.93,0.54,1.5,
14/08/2017,1.55,0.54,334396.34,6464103.91,141.37,141.64,140.74,139.91,0.63,1.46,
14/08/2017,1.555,0.46,334391.49,6464102.93,141.28,141.56,141,139.92,0.28,1.36,
14/08/2017,1.56,0.44,334386.61,6464101.91,141.18,141.46,140.93,139.95,0.25,1.23,
14/08/2017,1.565,0.39,334381.83,6464100.87,141.08,141.35,140.62,139.91,0.46,1.17,
14/08/2017,1.57,0.38,334376.93,6464099.8,141.01,141.28,140.51,140.01,0.5,1,
14/08/2017,1.575,0.45,334372.1,6464098.74,141.01,141.29,140.45,140.02,0.56,0.99,
14/08/2017,1.58,0.53,334367.24,6464097.68,141.05,141.32,140.84,140.02,0.21,1.03,
14/08/2017,1.586,0.61,334361.35,6464096.4,141.14,141.42,140.99,139.96,0.15,1.18,
14/08/2017,1.589,0.56,334357.56,6464095.58,141.19,141.46,140.77,139.88,0.42,1.31,
14/08/2017,1.595,0.51,334351.78,6464094.36,141.23,141.5,140.89,139.9,0.34,1.33,
14/08/2017,1.6,0.46,334346.88,6464093.33,141.22,141.5,140.73,139.81,0.49,1.41,
14/08/2017,1.605,0.42,334341.93,6464092.29,141.26,141.53,140.57,139.78,0.69,1.48,
14/08/2017,1.61,0.36,334337.15,6464091.27,141.31,141.58,140.92,139.91,0.39,1.4,
14/08/2017,1.615,0.29,334332.41,6464090.22,141.34,141.61,140.69,139.78,0.65,1.56,
14/08/2017,1.62,0.24,334327.49,6464089.14,141.35,141.62,140.89,139.79,0.46,1.56,
14/08/2017,1.625,0.2,334322.97,6464088.16,141.31,141.59,140.6,139.76,0.71,1.55,
14/08/2017,1.63,0.15,334318.21,6464087.12,141.24,141.51,140.37,139.62,0.87,1.62,
14/08/2017,1.635,0.1,334313.43,6464086.08,141.12,141.39,140.64,139.79,0.48,1.33,
14/08/2017,1.64,0.04,334308.59,6464085.02,140.97,141.24,140.69,139.84,0.28,1.13,
14/08/2017,1.645,0,334302.86,6464083.8,140.77,141.04,140.33,139.86,0.44,0.91,
14/08/2017,1.65,0.01,334298.01,6464082.81,140.65,140.92,140.09,139.89,0.56,0.76,
14/08/2017,1.655,-0.02,334293.93,6464081.97,140.58,140.85,140.15,139.93,0.43,0.65,
14/08/2017,1.66,-0.11,334288.19,6464080.76,140.57,140.85,140.2,139.98,0.37,0.59,
14/08/2017,1.665,-0.22,334283.31,6464079.7,140.57,140.84,140.24,139.95,0.33,0.62,
14/08/2017,1.67,-0.28,334278.56,6464078.66,140.54,140.81,140.35,140.08,0.19,0.46,
14/08/2017,1.675,-0.29,334273.73,6464077.51,140.57,140.84,140.37,140.03,0.2,0.54,
14/08/2017,1.68,-0.44,334268.91,6464076.29,140.6,140.87,140.48,140.09,0.12,0.51,
14/08/2017,1.681,-0.48,334268.05,6464076.06,140.6,140.87,140.52,140.11,0.08,0.49,
14/08/2017,1.682,-0.53,334267.08,6464075.81,140.59,140.86,140.73,140.09,-0.14,0.5,
14/08/2017,1.683,-0.56,334266.18,6464075.58,140.58,140.86,140.83,140.05,-0.25,0.53,
14/08/2017,1.684,-0.57,334265.14,6464075.34,140.57,140.84,140.85,140.04,-0.28,0.53,
14/08/2017,1.685,-0.57,334264.17,6464075.14,140.56,140.83,140.92,140.03,-0.36,0.53,
14/08/2017,1.686,-0.57,334263.21,6464074.94,140.54,140.81,141.08,139.96,-0.54,0.58,
14/08/2017,1.687,-0.59,334262.26,6464074.74,140.52,140.79,141.15,139.98,-0.63,0.54,
14/08/2017,1.688,-0.67,334261.31,6464074.53,140.49,140.77,141.16,140.03,-0.67,0.46,
14/08/2017,1.689,-0.75,334260.25,6464074.31,140.46,140.73,141.09,140.05,-0.63,0.41,
14/08/2017,1.69,-0.83,334259.27,6464074.1,140.43,140.7,140.9,140.09,-0.47,0.34,
14/08/2017,1.691,-0.92,334258.39,6464073.89,140.4,140.67,140.72,140.07,-0.32,0.33,
14/08/2017,1.692,-1.01,334257.42,6464073.67,140.36,140.64,140.68,140.09,-0.32,0.27,
14/08/2017,1.693,-1.1,334256.44,6464073.45,140.33,140.6,140.61,140.05,-0.28,0.28,
14/08/2017,1.694,-1.15,334255.42,6464073.26,140.3,140.57,140.62,140.03,-0.32,0.27,
14/08/2017,1.695,-1.21,334254.41,6464073.07,140.26,140.53,140.54,140.02,-0.28,0.24,
14/08/2017,1.696,-1.23,334253.41,6464072.88,140.22,140.49,140.46,139.99,-0.24,0.23,
14/08/2017,1.697,-1.1,334252.44,6464072.69,140.19,140.46,140.01,139.89,0.18,0.3,
14/08/2017,1.698,-0.96,334251.46,6464072.51,140.16,140.43,139.87,139.85,0.29,0.31,
14/08/2017,1.7,-0.7,334249.54,6464072.14,140.1,140.37,139.8,139.76,0.3,0.34,
14/08/2017,1.705,-0.04,334244.65,6464071.14,139.97,140.24,139.71,139.77,0.26,0.2,
14/08/2017,1.71,0.59,334239.77,6464070.09,139.86,140.13,139.68,139.69,0.18,0.17,
14/08/2017,1.715,1.39,334235.02,6464069.04,139.77,140.04,139.71,139.7,0.06,0.07,
14/08/2017,1.72,1.28,334230.1,6464067.93,139.68,139.95,139.61,139.63,0.07,0.05,
14/08/2017,1.725,1.32,334225.33,6464066.87,139.58,139.85,139.56,139.55,0.02,0.03,
14/08/2017,1.726,1.34,334224.4,6464066.66,139.55,139.83,139.58,139.55,-0.03,0,
14/08/2017,1.727,1.37,334223.57,6464066.47,139.53,139.8,139.58,139.56,-0.05,-0.03,
14/08/2017,1.728,1.4,334222.61,6464066.25,139.5,139.78,139.54,139.52,-0.04,-0.02,
14/08/2017,1.729,1.44,334221.59,6464065.99,139.48,139.75,139.55,139.48,-0.07,0,
14/08/2017,1.73,1.52,334220.62,6464065.75,139.46,139.73,139.51,139.5,-0.05,-0.04,
14/08/2017,1.73,1.72,334219.67,6464065.53,139.43,139.71,139.51,139.47,-0.08,-0.04,
14/08/2017,1.731,1.91,334218.73,6464065.33,139.41,139.69,139.48,139.44,-0.07,-0.03,
14/08/2017,1.732,2.11,334217.77,6464065.13,139.4,139.67,139.47,139.41,-0.07,-0.01,
14/08/2017,1.734,2.25,334216.82,6464064.93,139.39,139.66,139.45,139.42,-0.06,-0.03,
14/08/2017,1.735,2.2,334215.86,6464064.71,139.36,139.64,139.45,139.38,-0.09,-0.02,
14/08/2017,1.737,1.94,334214.91,6464064.52,139.33,139.6,139.39,139.35,-0.06,-0.02,
14/08/2017,1.737,1.55,334213.95,6464064.33,139.31,139.58,139.36,139.3,-0.05,0.01,
14/08/2017,1.738,1.23,334212.86,6464064.11,139.28,139.55,139.43,139.29,-0.15,-0.01,
14/08/2017,1.739,1.14,334211.97,6464063.93,139.26,139.53,139.38,139.27,-0.12,-0.01,
14/08/2017,1.74,1.05,334211.03,6464063.71,139.26,139.53,139.38,139.26,-0.12,0,
14/08/2017,1.741,0.86,334210.04,6464063.49,139.28,139.55,139.3,139.25,-0.02,0.03,
14/08/2017,1.742,0.78,334209.6,6464063.43,139.31,139.58,139.38,139.26,-0.07,0.05,
14/08/2017,1.743,0.46,334208.1,6464063.28,139.41,139.68,139.47,139.31,-0.06,0.1,
14/08/2017,1.744,0.26,334207.13,6464063.28,139.48,139.75,139.54,139.29,-0.06,0.19,
14/08/2017,1.745,0.05,334206.08,6464063.37,139.54,139.81,139.51,139.33,0.03,0.21,
14/08/2017,1.746,-0.12,334205.14,6464063.49,139.59,139.87,139.53,139.34,0.06,0.25,
14/08/2017,1.747,-0.27,334204.24,6464063.62,139.61,139.89,139.5,139.37,0.11,0.24,
14/08/2017,1.75,-0.63,334201.46,6464064.16,139.54,139.81,139.39,139.28,0.15,0.26,
14/08/2017,1.754,-1.35,334197.65,6464065.34,139.19,139.46,139.13,139.11,0.06,0.08,
14/08/2017,1.755,-1.48,334196.32,6464065.74,139.08,139.35,139.17,139.07,-0.09,0.01,
14/08/2017,1.756,-1.48,334196.12,6464065.8,139.06,139.33,139.19,139.08,-0.13,-0.02,
14/08/2017,1.757,-1.54,334195.23,6464065.98,139.01,139.28,139.21,139.05,-0.2,-0.04,
14/08/2017,1.758,-1.5,334194.37,6464066.07,139,139.27,139.11,139.02,-0.11,-0.02,
14/08/2017,1.759,-1.53,334193.26,6464065.95,139.01,139.28,139.14,138.96,-0.13,0.05,
14/08/2017,1.762,-1.3,334192.12,6464065.63,138.98,139.26,139.12,138.91,-0.14,0.07,
14/08/2017,1.763,-0.71,334191.05,6464064.82,138.93,139.2,139.06,138.83,-0.13,0.1,
14/08/2017,1.765,0.2,334189.94,6464063,138.84,139.11,138.99,138.84,-0.15,0,
14/08/2017,1.766,0.21,334189.76,6464062.06,138.82,139.1,138.96,138.85,-0.14,-0.03,
14/08/2017,1.767,-0.1,334189.66,6464061.14,138.84,139.11,138.85,138.82,-0.01,0.02,
14/08/2017,1.768,-0.42,334189.52,6464060.3,138.87,139.14,138.79,138.81,0.08,0.06,
14/08/2017,1.769,-0.64,334189.42,6464059.54,138.92,139.19,138.78,138.83,0.14,0.09,
14/08/2017,1.77,-0.83,334189.27,6464058.55,139.01,139.28,138.8,138.83,0.21,0.18,
14/08/2017,1.771,-0.95,334189.14,6464057.55,139.09,139.37,138.83,138.86,0.26,0.23,
14/08/2017,1.772,-1.04,334188.96,6464056.54,139.18,139.45,138.87,138.83,0.31,0.35,
14/08/2017,1.772,-1.21,334188.79,6464055.69,139.24,139.51,138.87,138.79,0.37,0.45,
14/08/2017,1.773,-1.26,334188.47,6464054.84,139.3,139.57,138.86,138.78,0.44,0.52,
14/08/2017,1.775,-1.23,334187.97,6464053.8,139.36,139.63,138.84,138.8,0.52,0.56,
14/08/2017,1.776,-0.83,334187.23,6464052.65,139.39,139.66,138.85,138.84,0.54,0.55,
14/08/2017,1.778,0.17,334185.92,6464050.97,139.29,139.56,138.92,138.88,0.37,0.41,
14/08/2017,1.779,0.58,334185.01,6464050.03,139.17,139.44,138.95,138.82,0.22,0.35,
14/08/2017,1.781,0.54,334184.21,6464049.33,139.02,139.29,138.99,138.79,0.03,0.23,
14/08/2017,1.782,0.24,334183.35,6464048.62,138.82,139.09,138.93,138.72,-0.11,0.1,
14/08/2017,1.783,0.02,334182.69,6464048.09,138.64,138.91,138.975,138.9,-0.34,-0.26,
